{
  "folds": 10,
  "oos_total_pnl": 2723.450274533764,
  "oos_median_pnl": 138.09287133851785,
  "oos_positive_fold_ratio": 0.7,
  "oos_mean_sharpe": 0.6755213753756406,
  "oos_worst_dd": -32.06241259097805,
  "baseline_oos_total_pnl": 3877.1993348082,
  "baseline_oos_positive_fold_ratio": 0.8
}