{
  "folds": 10,
  "oos_total_pnl": 2564.7906487409573,
  "oos_median_pnl": 138.09287133851785,
  "oos_positive_fold_ratio": 0.6,
  "oos_mean_sharpe": 0.31479931449815923,
  "oos_worst_dd": -28.628084693911447,
  "baseline_oos_total_pnl": 3877.1993348082,
  "baseline_oos_positive_fold_ratio": 0.8
}